<?xml version="1.0" encoding="UTF-8"?>
<configuration>
    <property name="DIRECTORY" value="./logs" />
    <appender name="STDOUT" class="ch.qos.logback.core.ConsoleAppender">
        <encoder>
            <pattern>[%d{yyyy-MM-dd HH:mm:ss.sss}][%-5p][%C][%t][%L]%m%n
            </pattern>
        </encoder>
    </appender>
    <timestamp key="dateFormat" datePattern="yyyy-MM-dd" />
    <appender name="FILE"
              class="ch.qos.logback.core.rolling.RollingFileAppender">
        <file>${DIRECTORY}/application-${dateFormat}.log</file>

        <rollingPolicy
                class="ch.qos.logback.core.rolling.SizeAndTimeBasedRollingPolicy">
            <!-- rollover daily -->
            <fileNamePattern>${DIRECTORY}/%d{yyyy/MM/dd, aux}/logfile-%d{yyyy-MM-dd}.%i.log
            </fileNamePattern>
            <maxFileSize>50MB</maxFileSize>
        </rollingPolicy>
        <encoder>
            <pattern>[%d{yyyy-MM-dd HH:mm:ss.sss}][%-5p][%C][%t][%L]%m%n
            </pattern>
        </encoder>
    </appender>
    <root level="info">
        <appender-ref ref="FILE" />
        <appender-ref ref="STDOUT" />
    </root>
</configuration>
